ID,Title,Surname,OtherNames,Gender,Telephone,Street,City,Country,PostZipCode
1,Sir,Hoy,Chris,1,08459811111,Lorem Avenue,ipSwitch,AE,1123
2,Dr,Lennox,Richard Chris,1,01474112233,Church Walk,Gravesend,UK,DA122PR
3,Mrs,Claire,Judy Judith,9,07770382729,28 Denton View,Fucking,AT,5020
4,Mr,Kim,Jong Un,1,1234567890,People's Victory Road,Pyongyang,KP,1
5,Miss,Eccles,Owphie,2,0987654321,Violent Child,Murder,KO,78623
6,Mr,Amritpal,Singh,1,112358132134,Route 1,Goldenrod City,US,90210
7,Miss,Runting,Tom,2,890478612398,London Road,Gravesend,UK,DA127HQ
8,Master,Pai,Ajit,9,31891401239,America Express,New York,US,64391
9,Lord,Sugar,Alan,1,2478962,Commercial Road,Slough,UK,CB17SH
10,Prof,Poliakoff,Martyn,1,01159513520,Room B13a School of Chemistry,Nottingham,UK,NG72RD
11,Special,Hopkins,Katie,0,911911911,Presidential Close,Washington DC,US,12345
12,Queen,Elizabeth,Alexanda Mary,2,8931271297,17 Bruton Street,Westminister,UK,L0ND0N
